feature,iqr_low,iqr_high,outlier_count,outlier_pct,min,max,median
sentence_count,1.0,1.0,2093,7.82429906542056,0.0,130.0,1.0
char_len,-44.0,412.0,1335,4.990654205607477,0.0,5630.0,176.0
word_count,-6.5,61.5,1318,4.927102803738317,0.0,839.0,27.0
unique_word_ratio,0.5930000000000002,1.1449999999999998,507,1.8953271028037382,0.0,1.0,0.875
avg_word_len,4.8412500000000005,8.47125,491,1.8355140186915888,0.0,91.0,6.64
